{
  "baseline": {
    "cosine_en_layer_00": [
      1.0759047269821167,
      1.0153690576553345
    ],
    "cosine_en_layer_01": [
      1.0468618869781494,
      0.9877801537513733
    ],
    "cosine_en_layer_02": [
      1.0510388612747192,
      0.9887737035751343
    ],
    "cosine_en_layer_03": [
      1.0409431457519531,
      0.9843372702598572
    ],
    "cosine_en_layer_04": [
      1.0393352508544922,
      0.9823698997497559
    ],
    "cosine_en_layer_05": [
      1.057901382446289,
      0.9839024543762207
    ],
    "cosine_en_layer_06": [
      1.0502067804336548,
      0.981054961681366
    ],
    "cosine_en_layer_07": [
      1.035942554473877,
      0.979806125164032
    ],
    "cosine_en_layer_08": [
      1.0099074840545654,
      0.979885995388031
    ],
    "cosine_en_layer_09": [
      1.0050725936889648,
      0.9765030741691589
    ],
    "cosine_en_layer_10": [
      1.0283684730529785,
      0.9801786541938782
    ],
    "cosine_en_layer_11": [
      1.0122449398040771,
      0.9751284718513489
    ],
    "cosine_en_layer_12": [
      1.0374685525894165,
      0.978046715259552
    ],
    "cosine_en_layer_13": [
      1.0396794080734253,
      0.9903706312179565
    ],
    "cosine_en_layer_14": [
      1.0373843908309937,
      0.9913927316665649
    ],
    "cosine_en_layer_15": [
      1.0475808382034302,
      0.9949924349784851
    ],
    "cosine_en_layer_16": [
      1.058797001838684,
      0.9907594323158264
    ],
    "cosine_en_layer_17": [
      1.0612293481826782,
      0.9908758401870728
    ],
    "cosine_en_layer_18": [
      1.0595124959945679,
      0.9760791659355164
    ],
    "cosine_en_layer_19": [
      1.0448321104049683,
      0.9719668626785278
    ],
    "cosine_en_layer_20": [
      1.0512611865997314,
      0.9788000583648682
    ],
    "cosine_en_layer_21": [
      1.0367445945739746,
      0.9655851125717163
    ],
    "cosine_en_layer_22": [
      1.0341894626617432,
      0.9656792283058167
    ],
    "cosine_en_layer_23": [
      1.0119105577468872,
      0.9663177728652954
    ],
    "cosine_jp-stair_layer_00": [
      1.0412594079971313,
      1.0339406728744507
    ],
    "cosine_jp-stair_layer_01": [
      1.005344033241272,
      0.9808745980262756
    ],
    "cosine_jp-stair_layer_02": [
      0.9982370734214783,
      0.9896346926689148
    ],
    "cosine_jp-stair_layer_03": [
      1.0029373168945312,
      0.988471508026123
    ],
    "cosine_jp-stair_layer_04": [
      1.0109919309616089,
      1.0187209844589233
    ],
    "cosine_jp-stair_layer_05": [
      1.0293313264846802,
      1.0266004800796509
    ],
    "cosine_jp-stair_layer_06": [
      1.0253456830978394,
      1.0146764516830444
    ],
    "cosine_jp-stair_layer_07": [
      0.9985582828521729,
      1.025057315826416
    ],
    "cosine_jp-stair_layer_08": [
      1.0054289102554321,
      1.028407335281372
    ],
    "cosine_jp-stair_layer_09": [
      1.018756628036499,
      1.0115877389907837
    ],
    "cosine_jp-stair_layer_10": [
      0.9940581917762756,
      1.0174956321716309
    ],
    "cosine_jp-stair_layer_11": [
      0.9830570220947266,
      1.0138356685638428
    ],
    "cosine_jp-stair_layer_12": [
      1.0018666982650757,
      1.0168426036834717
    ],
    "cosine_jp-stair_layer_13": [
      1.0053491592407227,
      1.0311356782913208
    ],
    "cosine_jp-stair_layer_14": [
      1.0040861368179321,
      1.0341944694519043
    ],
    "cosine_jp-stair_layer_15": [
      0.9778133034706116,
      1.0435307025909424
    ],
    "cosine_jp-stair_layer_16": [
      0.9752302765846252,
      1.042728066444397
    ],
    "cosine_jp-stair_layer_17": [
      0.9819710850715637,
      1.0400673151016235
    ],
    "cosine_jp-stair_layer_18": [
      0.9792292714118958,
      1.026059627532959
    ],
    "cosine_jp-stair_layer_19": [
      0.9749230146408081,
      1.0242787599563599
    ],
    "cosine_jp-stair_layer_20": [
      0.9796906113624573,
      1.0337246656417847
    ],
    "cosine_jp-stair_layer_21": [
      0.9669379591941833,
      1.0168510675430298
    ],
    "cosine_jp-stair_layer_22": [
      0.9781615734100342,
      1.009274959564209
    ],
    "cosine_jp-stair_layer_23": [
      0.9809321165084839,
      0.9831288456916809
    ],
    "cosine_cn_layer_00": [
      1.0470324754714966,
      1.0258322954177856
    ],
    "cosine_cn_layer_01": [
      1.0007295608520508,
      0.9879758954048157
    ],
    "cosine_cn_layer_02": [
      1.0141865015029907,
      0.98893803358078
    ],
    "cosine_cn_layer_03": [
      1.033444881439209,
      0.9844933748245239
    ],
    "cosine_cn_layer_04": [
      1.0293141603469849,
      0.9824874401092529
    ],
    "cosine_cn_layer_05": [
      1.018066167831421,
      0.9840283989906311
    ],
    "cosine_cn_layer_06": [
      1.020264744758606,
      0.9812046885490417
    ],
    "cosine_cn_layer_07": [
      1.0139484405517578,
      0.979907751083374
    ],
    "cosine_cn_layer_08": [
      1.0079686641693115,
      0.980036199092865
    ],
    "cosine_cn_layer_09": [
      1.0087964534759521,
      0.9767035245895386
    ],
    "cosine_cn_layer_10": [
      0.9840974807739258,
      0.9804092049598694
    ],
    "cosine_cn_layer_11": [
      0.9749378561973572,
      0.9753974080085754
    ],
    "cosine_cn_layer_12": [
      0.9696405529975891,
      0.9784120917320251
    ],
    "cosine_cn_layer_13": [
      0.9812960028648376,
      0.9908623099327087
    ],
    "cosine_cn_layer_14": [
      0.9843089580535889,
      0.9918630123138428
    ],
    "cosine_cn_layer_15": [
      0.9988751411437988,
      0.9953843951225281
    ],
    "cosine_cn_layer_16": [
      1.0056177377700806,
      0.9911224246025085
    ],
    "cosine_cn_layer_17": [
      1.001082181930542,
      0.9911782145500183
    ],
    "cosine_cn_layer_18": [
      1.0074909925460815,
      0.9762385487556458
    ],
    "cosine_cn_layer_19": [
      1.012094259262085,
      0.9719867706298828
    ],
    "cosine_cn_layer_20": [
      1.0268665552139282,
      0.9789591431617737
    ],
    "cosine_cn_layer_21": [
      1.0269807577133179,
      0.9654531478881836
    ],
    "cosine_cn_layer_22": [
      1.02095365524292,
      0.9654738306999207
    ],
    "cosine_cn_layer_23": [
      1.014756441116333,
      0.9655556678771973
    ]
  },
  "correct": {
    "cosine_en_layer_00": [
      1.0759047269821167,
      1.0153690576553345
    ],
    "cosine_en_layer_01": [
      1.0468618869781494,
      0.9877801537513733
    ],
    "cosine_en_layer_02": [
      1.0510388612747192,
      0.9887737035751343
    ],
    "cosine_en_layer_03": [
      1.0409431457519531,
      0.9843372702598572
    ],
    "cosine_en_layer_04": [
      1.0393352508544922,
      0.9823698997497559
    ],
    "cosine_en_layer_05": [
      1.057901382446289,
      0.9839024543762207
    ],
    "cosine_en_layer_06": [
      1.0502067804336548,
      0.981054961681366
    ],
    "cosine_en_layer_07": [
      1.035942554473877,
      0.979806125164032
    ],
    "cosine_en_layer_08": [
      1.0099074840545654,
      0.979885995388031
    ],
    "cosine_en_layer_09": [
      1.0050725936889648,
      0.9765030741691589
    ],
    "cosine_en_layer_10": [
      1.0283684730529785,
      0.9801786541938782
    ],
    "cosine_en_layer_11": [
      1.0122449398040771,
      0.9751284718513489
    ],
    "cosine_en_layer_12": [
      1.0374685525894165,
      0.978046715259552
    ],
    "cosine_en_layer_13": [
      1.0396794080734253,
      0.9903706312179565
    ],
    "cosine_en_layer_14": [
      1.0373843908309937,
      0.9913927316665649
    ],
    "cosine_en_layer_15": [
      1.0475808382034302,
      0.9949924349784851
    ],
    "cosine_en_layer_16": [
      1.058797001838684,
      0.9907594323158264
    ],
    "cosine_en_layer_17": [
      1.0612293481826782,
      0.9908758401870728
    ],
    "cosine_en_layer_18": [
      1.0595124959945679,
      0.9760791659355164
    ],